objects,repeat,alloc_ops_per_sec,free_ops_per_sec,stride,mapped_bytes
1000,1,254582484.725,1074113856.069,64,65536
1000,2,250815149.235,1018329938.900,64,65536
1000,3,252016129.032,950570342.205,64,65536
5000,1,216048049.086,1091941471.937,64,323584
5000,2,217552103.729,1037559659.680,64,323584
5000,3,216609626.132,1052853232.259,64,323584
10000,1,202917960.269,823519723.297,64,643072
10000,2,192097124.306,805607024.893,64,643072
10000,3,181284217.396,810832725.209,64,643072
50000,1,125278431.314,626268193.091,64,3203072
50000,2,137356977.048,573907853.355,64,3203072
50000,3,155256359.300,547771119.316,64,3203072
100000,1,143039620.544,684411166.853,64,6402048
100000,2,179952888.334,743936914.150,64,6402048
100000,3,185995643.982,749243264.303,64,6402048
