operations,repeat,ops_per_sec,p50_us,p99_us,trades,live_orders,pool_used,pool_mapped_bytes,page_size,hugepages,hotpath_allocations
10000,1,10152129.663,0.053,0.235,5000,3596,3596,67108864,4096,false,0
10000,2,10582716.096,0.052,0.208,5000,3596,3596,67108864,4096,false,0
10000,3,10449080.585,0.052,0.250,5000,3596,3596,67108864,4096,false,0
25000,1,10527353.011,0.052,0.186,12500,2846,2846,67108864,4096,false,0
25000,2,10786467.212,0.050,0.148,12500,2846,2846,67108864,4096,false,0
25000,3,11085899.313,0.050,0.150,12500,2846,2846,67108864,4096,false,0
50000,1,11114942.061,0.050,0.146,25000,1596,1596,67108864,4096,false,0
50000,2,7761511.719,0.075,0.272,25000,1596,1596,67108864,4096,false,0
50000,3,10874749.636,0.050,0.189,25000,1596,1596,67108864,4096,false,0
100000,1,3435141.303,0.053,2.058,40960,0,0,67108864,4096,false,0
100000,2,3374334.649,0.054,2.077,40960,0,0,67108864,4096,false,0
100000,3,3065550.075,0.102,2.105,40960,0,0,67108864,4096,false,0
200000,1,4483168.862,0.098,2.065,40960,0,0,67108864,4096,false,0
200000,2,4491201.848,0.097,2.066,40960,0,0,67108864,4096,false,0
200000,3,4316483.071,0.101,2.073,40960,0,0,67108864,4096,false,0
